{
  "AudioFileKeyPress": "keypress.mp3",
  "AudioFileBackSpace": "bs.mp3",
  "AudioFileCr": "cr.mp3",
  "AudioFileStartup": "paperinsert.mp3",
  "AudioFileEnd": "paperremove.mp3",
  "StatusUpdatePeriod": 200,
  "ReportMxErrors": 1,
  "DictionaryFile": "[not set]",
  "DictionaryUrl": "[not set]",
  "DictionaryVersion": "[not set]",
  "SettingsDisplay": 0,
  "BackGndColourText": 0,
  "ForeGndColourText": 10,
  "BackGndColourMsgError": 0,
  "ForeGndColourMsgError": 12,
  "BackGndColourMsgWarn": 0,
  "ForeGndColourMsgWarn": 14,
  "BackGndColourMsgInfo": 0,
  "ForeGndColourMsgInfo": 15,
  "BackGndColourCmds": 0,
  "ForeGndColourCmds": 1,
  "BackGndColourStatus": 0,
  "ForeGndColourStatus": 7,
  "BackGndColourRule": 0,
  "ForeGndColourRule": 7,
  "AudioVol": 0,
  "ToolBrowserCmd": "cmd",
  "ToolHelpUrl": "https://github.com/wpqs/GenDotNetCmdApps/wiki/KLineEd-User-Manual-v1.0",
  "ToolSearchUrl": "https://www.google.com/search?q=%22<word>%22",
  "ToolThesaurusUrl": "https://www.thesaurus.com/browse/<word>",
  "ToolSpellUrl": "http://www.spellcheck.net/<word>",
  "ToolSvnUser": "Jane",
  "ToolSvnPasswordKey": "key",
  "ToolSvnUrl": "https://me.svn.com/books",
  "TextEditorRulersShow": 1,
  "TextEditorRulersUnitChar": ".",
  "TextEditorRulersBotChar": "_",
  "TextEditorCursorSize": 20,
  "TextEditorDisplayRows": 10,
  "TextEditorDisplayCols": 65,
  "TextEditorParaBreakDisplayChar": ">",
  "TextEditorPauseTimeout": 60,
  "TextEditorScrollLimit": 0,
  "TextEditorEditLimit": 0,
  "TextEditorTabSize": 3,
  "TextEditorAutoSavePeriod": 5,
  "TextEditorAutoCorrect": 0,
  "TextEditorLinesPerPage": 36
}